{
  "loss": [
    37.898841589689255,
    31.342027485370636,
    31.32699418067932,
    31.33224266767502,
    31.326307713985443,
    31.326176524162292,
    31.32617488503456,
    31.32617476582527,
    31.32617476582527,
    31.32617473602295
  ],
  "acc": [
    1.0549999475479126,
    1.0,
    1.0,
    1.0,
    1.0,
    1.0,
    1.0,
    1.0,
    1.0,
    1.0
  ]
}