{
  "loss": [
    96.83054035902023,
    82.80441731214523,
    82.91435074806213,
    82.71884745359421,
    82.82573342323303
  ],
  "acc": [
    0.9500000476837158,
    1.0,
    1.0016666650772095,
    1.0,
    1.0
  ]
}