{
  "loss": [
    63.63124054670334,
    67.53778949379921,
    63.09863659739494,
    57.49171909689903,
    41.34232318401337,
    44.83647307753563,
    41.3445308804512,
    41.34620946645737,
    41.33335494995117,
    41.82617583870888,
    41.32617622613907,
    41.82617491483688,
    41.32617473602295,
    41.32617473602295,
    41.32617473602295,
    41.32617473602295,
    41.32617473602295,
    41.32617646455765,
    41.32617473602295,
    41.82617473602295,
    41.326174795627594,
    41.32617473602295,
    41.32845991849899,
    41.326174795627594,
    41.826174795627594,
    41.326174795627594,
    41.32617473602295,
    41.82617473602295,
    41.32617473602295,
    41.32617473602295,
    41.326174795627594,
    41.32617473602295,
    41.32617473602295,
    41.32617473602295,
    41.32617723941803,
    41.32617473602295,
    41.32617473602295,
    41.32617473602295,
    41.32617473602295,
    41.32617473602295,
    41.32617473602295,
    41.32617473602295,
    41.32617473602295,
    41.32617473602295,
    41.32617473602295,
    41.32617473602295,
    41.32617473602295,
    41.32617473602295,
    41.32617473602295,
    41.32617473602295,
    41.32617473602295,
    41.32617473602295,
    41.82617473602295,
    41.32617473602295,
    41.32617473602295,
    41.32617473602295,
    41.32617473602295,
    41.32617473602295,
    41.32617473602295,
    41.32617473602295,
    41.32617473602295
  ],
  "acc": [
    0.9950000047683716,
    0.7249999642372131,
    0.699999988079071,
    0.7549999952316284,
    0.8999999761581421,
    0.875,
    0.8999999761581421,
    0.8999999761581421,
    0.8999999761581421,
    0.8999999761581421,
    0.8999999761581421,
    0.8999999761581421,
    0.8999999761581421,
    0.8999999761581421,
    0.8999999761581421,
    0.8999999761581421,
    0.8999999761581421,
    0.8999999761581421,
    0.8999999761581421,
    0.9049999713897705,
    0.8999999761581421,
    0.8999999761581421,
    0.8999999761581421,
    0.8999999761581421,
    0.8999999761581421,
    0.8999999761581421,
    0.8999999761581421,
    0.8999999761581421,
    0.8999999761581421,
    0.8999999761581421,
    0.8999999761581421,
    0.8999999761581421,
    0.8999999761581421,
    0.8999999761581421,
    0.8999999761581421,
    0.8999999761581421,
    0.8999999761581421,
    0.8999999761581421,
    0.8999999761581421,
    0.8999999761581421,
    0.8999999761581421,
    0.8999999761581421,
    0.8999999761581421,
    0.8999999761581421,
    0.8999999761581421,
    0.8999999761581421,
    0.8999999761581421,
    0.8999999761581421,
    0.8999999761581421,
    0.8999999761581421,
    0.8999999761581421,
    0.8999999761581421,
    0.8999999761581421,
    0.8999999761581421,
    0.8999999761581421,
    0.8999999761581421,
    0.8999999761581421,
    0.8999999761581421,
    0.8999999761581421,
    0.8999999761581421,
    0.8999999761581421
  ]
}